i,m,t,value
0,0,0,44
0,0,1,55
0,0,2,44
0,0,3,37
0,0,4,40
0,0,5,58
0,0,6,37
0,0,7,42
0,0,8,21
0,0,9,30
0,0,10,42
0,0,11,29
0,1,0,21
0,1,1,40
0,1,2,17
0,1,3,59
0,1,4,58
0,1,5,26
0,1,6,28
0,1,7,28
0,1,8,32
0,1,9,35
0,1,10,52
0,1,11,38
0,2,0,56
0,2,1,35
0,2,2,47
0,2,3,42
0,2,4,57
0,2,5,34
0,2,6,50
0,2,7,38
0,2,8,38
0,2,9,44
0,2,10,43
0,2,11,35
0,3,0,43
0,3,1,23
0,3,2,37
0,3,3,42
0,3,4,34
0,3,5,48
0,3,6,49
0,3,7,38
0,3,8,40
0,3,9,30
0,3,10,30
0,3,11,37
0,4,0,48
0,4,1,25
0,4,2,48
0,4,3,55
0,4,4,39
0,4,5,39
0,4,6,38
0,4,7,52
0,4,8,55
0,4,9,22
0,4,10,34
0,4,11,34
0,5,0,41
0,5,1,49
0,5,2,51
0,5,3,58
0,5,4,11
0,5,5,40
0,5,6,31
0,5,7,53
0,5,8,26
0,5,9,56
0,5,10,28
0,5,11,34
0,6,0,18
0,6,1,37
0,6,2,30
0,6,3,22
0,6,4,30
0,6,5,43
0,6,6,50
0,6,7,47
0,6,8,37
0,6,9,50
0,6,10,48
0,6,11,39
0,7,0,31
0,7,1,59
0,7,2,40
0,7,3,30
0,7,4,41
0,7,5,58
0,7,6,36
0,7,7,44
0,7,8,44
0,7,9,17
0,7,10,42
0,7,11,36
0,8,0,24
0,8,1,30
0,8,2,29
0,8,3,48
0,8,4,39
0,8,5,70
0,8,6,44
0,8,7,48
0,8,8,58
0,8,9,33
0,8,10,33
0,8,11,39
0,9,0,30
0,9,1,45
0,9,2,44
0,9,3,29
0,9,4,43
0,9,5,41
0,9,6,30
0,9,7,39
0,9,8,50
0,9,9,40
0,9,10,33
0,9,11,28
0,10,0,45
0,10,1,39
0,10,2,35
0,10,3,26
0,10,4,32
0,10,5,42
0,10,6,33
0,10,7,34
0,10,8,39
0,10,9,38
0,10,10,30
0,10,11,51
0,11,0,48
0,11,1,59
0,11,2,29
0,11,3,69
0,11,4,29
0,11,5,29
0,11,6,26
0,11,7,30
0,11,8,25
0,11,9,23
0,11,10,43
0,11,11,62
0,12,0,29
0,12,1,24
0,12,2,35
0,12,3,31
0,12,4,36
0,12,5,27
0,12,6,39
0,12,7,21
0,12,8,55
0,12,9,37
0,12,10,36
0,12,11,40
0,13,0,38
0,13,1,48
0,13,2,37
0,13,3,47
0,13,4,43
0,13,5,48
0,13,6,35
0,13,7,24
0,13,8,46
0,13,9,37
0,13,10,31
0,13,11,20
0,14,0,35
0,14,1,41
0,14,2,69
0,14,3,42
0,14,4,40
0,14,5,24
0,14,6,28
0,14,7,31
0,14,8,37
0,14,9,35
0,14,10,27
0,14,11,11
0,15,0,40
0,15,1,37
0,15,2,30
0,15,3,23
0,15,4,41
0,15,5,36
0,15,6,24
0,15,7,54
0,15,8,46
0,15,9,35
0,15,10,65
0,15,11,17
0,16,0,66
0,16,1,26
0,16,2,55
0,16,3,44
0,16,4,24
0,16,5,59
0,16,6,31
0,16,7,31
0,16,8,32
0,16,9,36
0,16,10,35
0,16,11,40
0,17,0,43
0,17,1,37
0,17,2,23
0,17,3,18
0,17,4,22
0,17,5,35
0,17,6,47
0,17,7,37
0,17,8,46
0,17,9,46
0,17,10,18
0,17,11,42
0,18,0,24
0,18,1,16
0,18,2,24
0,18,3,18
0,18,4,60
0,18,5,43
0,18,6,41
0,18,7,51
0,18,8,36
0,18,9,31
0,18,10,31
0,18,11,16
0,19,0,34
0,19,1,85
0,19,2,32
0,19,3,43
0,19,4,38
0,19,5,36
0,19,6,26
0,19,7,41
0,19,8,31
0,19,9,46
0,19,10,55
0,19,11,37
0,20,0,44
0,20,1,33
0,20,2,31
0,20,3,16
0,20,4,30
0,20,5,41
0,20,6,42
0,20,7,43
0,20,8,31
0,20,9,32
0,20,10,39
0,20,11,40
0,21,0,33
0,21,1,36
0,21,2,23
0,21,3,33
0,21,4,16
0,21,5,26
0,21,6,43
0,21,7,52
0,21,8,32
0,21,9,42
0,21,10,34
0,21,11,45
0,22,0,64
0,22,1,35
0,22,2,45
0,22,3,34
0,22,4,37
0,22,5,40
0,22,6,42
0,22,7,53
0,22,8,29
0,22,9,42
0,22,10,39
0,22,11,16
0,23,0,46
0,23,1,43
0,23,2,50
0,23,3,52
0,23,4,47
0,23,5,46
0,23,6,34
0,23,7,52
0,23,8,38
0,23,9,48
0,23,10,44
0,23,11,34
0,24,0,37
0,24,1,45
0,24,2,30
0,24,3,41
0,24,4,48
0,24,5,48
0,24,6,36
0,24,7,57
0,24,8,30
0,24,9,33
0,24,10,49
0,24,11,53
0,25,0,47
0,25,1,30
0,25,2,44
0,25,3,21
0,25,4,22
0,25,5,51
0,25,6,30
0,25,7,30
0,25,8,56
0,25,9,31
0,25,10,36
0,25,11,71
0,26,0,41
0,26,1,24
0,26,2,35
0,26,3,47
0,26,4,33
0,26,5,27
0,26,6,33
0,26,7,18
0,26,8,23
0,26,9,15
0,26,10,30
0,26,11,31
0,27,0,39
0,27,1,32
0,27,2,40
0,27,3,30
0,27,4,23
0,27,5,34
0,27,6,40
0,27,7,27
0,27,8,44
0,27,9,37
0,27,10,31
0,27,11,50
0,28,0,47
0,28,1,35
0,28,2,70
0,28,3,39
0,28,4,19
0,28,5,20
0,28,6,50
0,28,7,26
0,28,8,63
0,28,9,36
0,28,10,28
0,28,11,18
0,29,0,40
0,29,1,35
0,29,2,34
0,29,3,39
0,29,4,42
0,29,5,32
0,29,6,39
0,29,7,29
0,29,8,26
0,29,9,43
0,29,10,53
0,29,11,32
1,0,0,16
1,0,1,44
1,0,2,44
1,0,3,36
1,0,4,50
1,0,5,35
1,0,6,26
1,0,7,14
1,0,8,48
1,0,9,31
1,0,10,21
1,0,11,29
1,1,0,40
1,1,1,22
1,1,2,45
1,1,3,21
1,1,4,48
1,1,5,47
1,1,6,18
1,1,7,28
1,1,8,28
1,1,9,19
1,1,10,34
1,1,11,30
1,2,0,36
1,2,1,32
1,2,2,43
1,2,3,32
1,2,4,24
1,2,5,40
1,2,6,20
1,2,7,28
1,2,8,48
1,2,9,25
1,2,10,45
1,2,11,34
1,3,0,41
1,3,1,43
1,3,2,30
1,3,3,33
1,3,4,39
1,3,5,35
1,3,6,41
1,3,7,23
1,3,8,39
1,3,9,50
1,3,10,40
1,3,11,29
1,4,0,36
1,4,1,32
1,4,2,35
1,4,3,54
1,4,4,38
1,4,5,26
1,4,6,39
1,4,7,32
1,4,8,27
1,4,9,31
1,4,10,62
1,4,11,21
1,5,0,35
1,5,1,33
1,5,2,25
1,5,3,34
1,5,4,30
1,5,5,57
1,5,6,10
1,5,7,68
1,5,8,39
1,5,9,20
1,5,10,25
1,5,11,34
1,6,0,40
1,6,1,37
1,6,2,41
1,6,3,32
1,6,4,36
1,6,5,37
1,6,6,54
1,6,7,69
1,6,8,27
1,6,9,47
1,6,10,52
1,6,11,54
1,7,0,29
1,7,1,21
1,7,2,39
1,7,3,36
1,7,4,53
1,7,5,41
1,7,6,27
1,7,7,57
1,7,8,20
1,7,9,23
1,7,10,27
1,7,11,65
1,8,0,26
1,8,1,43
1,8,2,41
1,8,3,27
1,8,4,54
1,8,5,17
1,8,6,65
1,8,7,48
1,8,8,26
1,8,9,47
1,8,10,32
1,8,11,58
1,9,0,39
1,9,1,38
1,9,2,28
1,9,3,31
1,9,4,28
1,9,5,30
1,9,6,40
1,9,7,30
1,9,8,38
1,9,9,58
1,9,10,40
1,9,11,23
1,10,0,30
1,10,1,24
1,10,2,26
1,10,3,30
1,10,4,42
1,10,5,41
1,10,6,28
1,10,7,39
1,10,8,46
1,10,9,48
1,10,10,23
1,10,11,30
1,11,0,29
1,11,1,57
1,11,2,47
1,11,3,27
1,11,4,28
1,11,5,10
1,11,6,45
1,11,7,29
1,11,8,26
1,11,9,42
1,11,10,41
1,11,11,48
1,12,0,38
1,12,1,34
1,12,2,33
1,12,3,63
1,12,4,32
1,12,5,41
1,12,6,44
1,12,7,24
1,12,8,41
1,12,9,35
1,12,10,14
1,12,11,34
1,13,0,19
1,13,1,44
1,13,2,48
1,13,3,68
1,13,4,61
1,13,5,35
1,13,6,34
1,13,7,35
1,13,8,65
1,13,9,19
1,13,10,31
1,13,11,32
1,14,0,40
1,14,1,28
1,14,2,40
1,14,3,32
1,14,4,32
1,14,5,51
1,14,6,30
1,14,7,48
1,14,8,49
1,14,9,40
1,14,10,46
1,14,11,30
1,15,0,29
1,15,1,50
1,15,2,56
1,15,3,24
1,15,4,51
1,15,5,59
1,15,6,54
1,15,7,41
1,15,8,37
1,15,9,21
1,15,10,53
1,15,11,27
1,16,0,37
1,16,1,44
1,16,2,20
1,16,3,44
1,16,4,38
1,16,5,38
1,16,6,46
1,16,7,28
1,16,8,52
1,16,9,34
1,16,10,44
1,16,11,26
1,17,0,33
1,17,1,59
1,17,2,35
1,17,3,25
1,17,4,35
1,17,5,36
1,17,6,29
1,17,7,53
1,17,8,34
1,17,9,33
1,17,10,32
1,17,11,62
1,18,0,42
1,18,1,32
1,18,2,48
1,18,3,24
1,18,4,33
1,18,5,36
1,18,6,37
1,18,7,17
1,18,8,25
1,18,9,26
1,18,10,23
1,18,11,27
1,19,0,56
1,19,1,30
1,19,2,35
1,19,3,40
1,19,4,29
1,19,5,37
1,19,6,18
1,19,7,35
1,19,8,36
1,19,9,49
1,19,10,38
1,19,11,41
1,20,0,25
1,20,1,54
1,20,2,36
1,20,3,16
1,20,4,42
1,20,5,43
1,20,6,24
1,20,7,25
1,20,8,21
1,20,9,29
1,20,10,36
1,20,11,41
1,21,0,42
1,21,1,65
1,21,2,17
1,21,3,48
1,21,4,49
1,21,5,24
1,21,6,31
1,21,7,38
1,21,8,40
1,21,9,15
1,21,10,46
1,21,11,25
1,22,0,57
1,22,1,40
1,22,2,45
1,22,3,20
1,22,4,43
1,22,5,77
1,22,6,25
1,22,7,58
1,22,8,15
1,22,9,35
1,22,10,32
1,22,11,60
1,23,0,29
1,23,1,45
1,23,2,48
1,23,3,28
1,23,4,39
1,23,5,32
1,23,6,47
1,23,7,39
1,23,8,22
1,23,9,46
1,23,10,39
1,23,11,48
1,24,0,31
1,24,1,61
1,24,2,19
1,24,3,42
1,24,4,33
1,24,5,34
1,24,6,34
1,24,7,30
1,24,8,44
1,24,9,34
1,24,10,49
1,24,11,42
1,25,0,36
1,25,1,54
1,25,2,69
1,25,3,40
1,25,4,20
1,25,5,56
1,25,6,46
1,25,7,35
1,25,8,46
1,25,9,29
1,25,10,35
1,25,11,37
1,26,0,30
1,26,1,65
1,26,2,35
1,26,3,45
1,26,4,41
1,26,5,46
1,26,6,25
1,26,7,34
1,26,8,40
1,26,9,52
1,26,10,27
1,26,11,19
1,27,0,62
1,27,1,27
1,27,2,49
1,27,3,45
1,27,4,31
1,27,5,49
1,27,6,41
1,27,7,55
1,27,8,27
1,27,9,32
1,27,10,40
1,27,11,45
1,28,0,30
1,28,1,36
1,28,2,34
1,28,3,35
1,28,4,16
1,28,5,37
1,28,6,61
1,28,7,44
1,28,8,47
1,28,9,37
1,28,10,34
1,28,11,21
1,29,0,37
1,29,1,36
1,29,2,38
1,29,3,32
1,29,4,39
1,29,5,61
1,29,6,35
1,29,7,53
1,29,8,58
1,29,9,27
1,29,10,59
1,29,11,30
2,0,0,41
2,0,1,18
2,0,2,30
2,0,3,21
2,0,4,38
2,0,5,47
2,0,6,48
2,0,7,64
2,0,8,32
2,0,9,33
2,0,10,29
2,0,11,18
2,1,0,33
2,1,1,55
2,1,2,29
2,1,3,50
2,1,4,39
2,1,5,38
2,1,6,44
2,1,7,51
2,1,8,36
2,1,9,49
2,1,10,8
2,1,11,52
2,2,0,26
2,2,1,16
2,2,2,30
2,2,3,33
2,2,4,29
2,2,5,59
2,2,6,29
2,2,7,13
2,2,8,29
2,2,9,43
2,2,10,40
2,2,11,25
2,3,0,66
2,3,1,39
2,3,2,25
2,3,3,51
2,3,4,31
2,3,5,36
2,3,6,50
2,3,7,39
2,3,8,74
2,3,9,35
2,3,10,41
2,3,11,56
2,4,0,34
2,4,1,51
2,4,2,45
2,4,3,60
2,4,4,43
2,4,5,29
2,4,6,58
2,4,7,50
2,4,8,39
2,4,9,23
2,4,10,39
2,4,11,38
2,5,0,48
2,5,1,27
2,5,2,25
2,5,3,21
2,5,4,51
2,5,5,38
2,5,6,35
2,5,7,51
2,5,8,46
2,5,9,32
2,5,10,57
2,5,11,32
2,6,0,27
2,6,1,40
2,6,2,45
2,6,3,49
2,6,4,31
2,6,5,31
2,6,6,44
2,6,7,45
2,6,8,58
2,6,9,38
2,6,10,30
2,6,11,37
2,7,0,39
2,7,1,39
2,7,2,53
2,7,3,38
2,7,4,47
2,7,5,53
2,7,6,41
2,7,7,29
2,7,8,70
2,7,9,36
2,7,10,48
2,7,11,36
2,8,0,27
2,8,1,38
2,8,2,30
2,8,3,32
2,8,4,22
2,8,5,20
2,8,6,33
2,8,7,35
2,8,8,21
2,8,9,44
2,8,10,32
2,8,11,28
2,9,0,41
2,9,1,47
2,9,2,21
2,9,3,42
2,9,4,40
2,9,5,51
2,9,6,43
2,9,7,28
2,9,8,36
2,9,9,36
2,9,10,40
2,9,11,39
2,10,0,29
2,10,1,20
2,10,2,39
2,10,3,33
2,10,4,32
2,10,5,30
2,10,6,36
2,10,7,48
2,10,8,47
2,10,9,32
2,10,10,37
2,10,11,43
2,11,0,26
2,11,1,47
2,11,2,15
2,11,3,34
2,11,4,28
2,11,5,32
2,11,6,39
2,11,7,37
2,11,8,40
2,11,9,31
2,11,10,25
2,11,11,30
2,12,0,33
2,12,1,62
2,12,2,42
2,12,3,36
2,12,4,29
2,12,5,46
2,12,6,27
2,12,7,45
2,12,8,28
2,12,9,35
2,12,10,34
2,12,11,21
2,13,0,35
2,13,1,31
2,13,2,41
2,13,3,37
2,13,4,43
2,13,5,41
2,13,6,47
2,13,7,37
2,13,8,35
2,13,9,27
2,13,10,35
2,13,11,38
2,14,0,32
2,14,1,40
2,14,2,43
2,14,3,43
2,14,4,50
2,14,5,31
2,14,6,35
2,14,7,47
2,14,8,50
2,14,9,22
2,14,10,36
2,14,11,32
2,15,0,37
2,15,1,27
2,15,2,55
2,15,3,47
2,15,4,17
2,15,5,37
2,15,6,32
2,15,7,38
2,15,8,26
2,15,9,57
2,15,10,38
2,15,11,20
2,16,0,14
2,16,1,34
2,16,2,30
2,16,3,27
2,16,4,25
2,16,5,38
2,16,6,40
2,16,7,31
2,16,8,53
2,16,9,29
2,16,10,17
2,16,11,50
2,17,0,33
2,17,1,48
2,17,2,19
2,17,3,44
2,17,4,17
2,17,5,39
2,17,6,53
2,17,7,33
2,17,8,27
2,17,9,24
2,17,10,47
2,17,11,24
2,18,0,38
2,18,1,40
2,18,2,17
2,18,3,35
2,18,4,30
2,18,5,42
2,18,6,37
2,18,7,46
2,18,8,16
2,18,9,19
2,18,10,42
2,18,11,26
2,19,0,43
2,19,1,38
2,19,2,35
2,19,3,44
2,19,4,57
2,19,5,27
2,19,6,29
2,19,7,31
2,19,8,37
2,19,9,42
2,19,10,65
2,19,11,32
2,20,0,37
2,20,1,30
2,20,2,33
2,20,3,30
2,20,4,40
2,20,5,26
2,20,6,24
2,20,7,46
2,20,8,27
2,20,9,38
2,20,10,45
2,20,11,48
2,21,0,28
2,21,1,44
2,21,2,34
2,21,3,58
2,21,4,42
2,21,5,26
2,21,6,53
2,21,7,36
2,21,8,30
2,21,9,32
2,21,10,29
2,21,11,39
2,22,0,22
2,22,1,59
2,22,2,31
2,22,3,45
2,22,4,29
2,22,5,31
2,22,6,37
2,22,7,49
2,22,8,29
2,22,9,44
2,22,10,25
2,22,11,34
2,23,0,52
2,23,1,15
2,23,2,63
2,23,3,24
2,23,4,30
2,23,5,34
2,23,6,43
2,23,7,31
2,23,8,46
2,23,9,36
2,23,10,35
2,23,11,29
2,24,0,31
2,24,1,49
2,24,2,32
2,24,3,49
2,24,4,19
2,24,5,37
2,24,6,40
2,24,7,28
2,24,8,47
2,24,9,46
2,24,10,38
2,24,11,31
2,25,0,25
2,25,1,41
2,25,2,14
2,25,3,39
2,25,4,32
2,25,5,26
2,25,6,36
2,25,7,35
2,25,8,33
2,25,9,17
2,25,10,17
2,25,11,18
2,26,0,40
2,26,1,44
2,26,2,51
2,26,3,27
2,26,4,19
2,26,5,43
2,26,6,40
2,26,7,30
2,26,8,29
2,26,9,33
2,26,10,38
2,26,11,26
2,27,0,50
2,27,1,35
2,27,2,36
2,27,3,38
2,27,4,41
2,27,5,19
2,27,6,20
2,27,7,28
2,27,8,28
2,27,9,30
2,27,10,36
2,27,11,43
2,28,0,54
2,28,1,25
2,28,2,27
2,28,3,42
2,28,4,40
2,28,5,29
2,28,6,61
2,28,7,13
2,28,8,32
2,28,9,32
2,28,10,34
2,28,11,44
2,29,0,49
2,29,1,43
2,29,2,11
2,29,3,25
2,29,4,39
2,29,5,74
2,29,6,34
2,29,7,38
2,29,8,41
2,29,9,26
2,29,10,24
2,29,11,17
3,0,0,37
3,0,1,23
3,0,2,19
3,0,3,32
3,0,4,26
3,0,5,55
3,0,6,72
3,0,7,35
3,0,8,31
3,0,9,32
3,0,10,44
3,0,11,37
3,1,0,33
3,1,1,38
3,1,2,36
3,1,3,32
3,1,4,39
3,1,5,31
3,1,6,28
3,1,7,57
3,1,8,16
3,1,9,59
3,1,10,57
3,1,11,55
3,2,0,37
3,2,1,40
3,2,2,37
3,2,3,49
3,2,4,46
3,2,5,42
3,2,6,37
3,2,7,47
3,2,8,35
3,2,9,55
3,2,10,24
3,2,11,41
3,3,0,23
3,3,1,33
3,3,2,39
3,3,3,41
3,3,4,28
3,3,5,38
3,3,6,40
3,3,7,44
3,3,8,27
3,3,9,31
3,3,10,39
3,3,11,40
3,4,0,22
3,4,1,47
3,4,2,58
3,4,3,23
3,4,4,55
3,4,5,50
3,4,6,47
3,4,7,34
3,4,8,37
3,4,9,51
3,4,10,57
3,4,11,23
3,5,0,30
3,5,1,23
3,5,2,55
3,5,3,41
3,5,4,40
3,5,5,38
3,5,6,36
3,5,7,40
3,5,8,38
3,5,9,33
3,5,10,47
3,5,11,22
3,6,0,30
3,6,1,46
3,6,2,39
3,6,3,30
3,6,4,38
3,6,5,57
3,6,6,45
3,6,7,28
3,6,8,40
3,6,9,31
3,6,10,33
3,6,11,53
3,7,0,65
3,7,1,54
3,7,2,29
3,7,3,27
3,7,4,48
3,7,5,39
3,7,6,44
3,7,7,43
3,7,8,25
3,7,9,20
3,7,10,24
3,7,11,25
3,8,0,37
3,8,1,22
3,8,2,54
3,8,3,51
3,8,4,24
3,8,5,38
3,8,6,24
3,8,7,37
3,8,8,46
3,8,9,35
3,8,10,50
3,8,11,36
3,9,0,34
3,9,1,25
3,9,2,30
3,9,3,49
3,9,4,33
3,9,5,28
3,9,6,30
3,9,7,19
3,9,8,17
3,9,9,38
3,9,10,39
3,9,11,66
3,10,0,32
3,10,1,40
3,10,2,15
3,10,3,45
3,10,4,39
3,10,5,39
3,10,6,17
3,10,7,27
3,10,8,38
3,10,9,35
3,10,10,72
3,10,11,45
3,11,0,26
3,11,1,52
3,11,2,46
3,11,3,50
3,11,4,34
3,11,5,32
3,11,6,29
3,11,7,57
3,11,8,38
3,11,9,35
3,11,10,35
3,11,11,34
3,12,0,50
3,12,1,42
3,12,2,39
3,12,3,23
3,12,4,14
3,12,5,26
3,12,6,36
3,12,7,63
3,12,8,33
3,12,9,33
3,12,10,46
3,12,11,49
3,13,0,38
3,13,1,29
3,13,2,23
3,13,3,37
3,13,4,19
3,13,5,45
3,13,6,53
3,13,7,48
3,13,8,41
3,13,9,50
3,13,10,54
3,13,11,44
3,14,0,45
3,14,1,38
3,14,2,23
3,14,3,60
3,14,4,28
3,14,5,31
3,14,6,28
3,14,7,44
3,14,8,67
3,14,9,46
3,14,10,55
3,14,11,33
3,15,0,68
3,15,1,31
3,15,2,75
3,15,3,37
3,15,4,59
3,15,5,44
3,15,6,30
3,15,7,33
3,15,8,30
3,15,9,41
3,15,10,36
3,15,11,53
3,16,0,37
3,16,1,54
3,16,2,14
3,16,3,26
3,16,4,28
3,16,5,34
3,16,6,40
3,16,7,30
3,16,8,48
3,16,9,26
3,16,10,27
3,16,11,30
3,17,0,70
3,17,1,23
3,17,2,33
3,17,3,27
3,17,4,49
3,17,5,32
3,17,6,40
3,17,7,60
3,17,8,42
3,17,9,41
3,17,10,49
3,17,11,22
3,18,0,18
3,18,1,40
3,18,2,33
3,18,3,37
3,18,4,43
3,18,5,56
3,18,6,35
3,18,7,40
3,18,8,32
3,18,9,48
3,18,10,42
3,18,11,56
3,19,0,36
3,19,1,46
3,19,2,30
3,19,3,25
3,19,4,53
3,19,5,37
3,19,6,51
3,19,7,40
3,19,8,45
3,19,9,18
3,19,10,53
3,19,11,36
3,20,0,55
3,20,1,45
3,20,2,48
3,20,3,39
3,20,4,42
3,20,5,36
3,20,6,37
3,20,7,36
3,20,8,46
3,20,9,30
3,20,10,33
3,20,11,47
3,21,0,49
3,21,1,31
3,21,2,72
3,21,3,43
3,21,4,26
3,21,5,24
3,21,6,33
3,21,7,19
3,21,8,56
3,21,9,45
3,21,10,39
3,21,11,31
3,22,0,32
3,22,1,50
3,22,2,28
3,22,3,52
3,22,4,43
3,22,5,25
3,22,6,52
3,22,7,39
3,22,8,49
3,22,9,34
3,22,10,54
3,22,11,45
3,23,0,48
3,23,1,45
3,23,2,38
3,23,3,35
3,23,4,34
3,23,5,41
3,23,6,43
3,23,7,26
3,23,8,37
3,23,9,53
3,23,10,25
3,23,11,37
3,24,0,35
3,24,1,55
3,24,2,36
3,24,3,34
3,24,4,42
3,24,5,30
3,24,6,36
3,24,7,44
3,24,8,36
3,24,9,46
3,24,10,40
3,24,11,36
3,25,0,29
3,25,1,29
3,25,2,47
3,25,3,49
3,25,4,32
3,25,5,26
3,25,6,43
3,25,7,26
3,25,8,37
3,25,9,53
3,25,10,30
3,25,11,33
3,26,0,33
3,26,1,25
3,26,2,34
3,26,3,39
3,26,4,36
3,26,5,20
3,26,6,30
3,26,7,31
3,26,8,48
3,26,9,51
3,26,10,51
3,26,11,19
3,27,0,55
3,27,1,49
3,27,2,50
3,27,3,44
3,27,4,31
3,27,5,28
3,27,6,40
3,27,7,38
3,27,8,53
3,27,9,32
3,27,10,32
3,27,11,30
3,28,0,46
3,28,1,31
3,28,2,28
3,28,3,27
3,28,4,21
3,28,5,42
3,28,6,38
3,28,7,23
3,28,8,34
3,28,9,21
3,28,10,37
3,28,11,26
3,29,0,33
3,29,1,21
3,29,2,32
3,29,3,69
3,29,4,23
3,29,5,55
3,29,6,41
3,29,7,44
3,29,8,60
3,29,9,32
3,29,10,63
3,29,11,34
4,0,0,31
4,0,1,38
4,0,2,33
4,0,3,41
4,0,4,27
4,0,5,45
4,0,6,38
4,0,7,39
4,0,8,21
4,0,9,30
4,0,10,44
4,0,11,48
4,1,0,19
4,1,1,42
4,1,2,37
4,1,3,24
4,1,4,48
4,1,5,51
4,1,6,30
4,1,7,40
4,1,8,61
4,1,9,40
4,1,10,32
4,1,11,60
4,2,0,26
4,2,1,28
4,2,2,43
4,2,3,25
4,2,4,42
4,2,5,24
4,2,6,28
4,2,7,37
4,2,8,59
4,2,9,37
4,2,10,37
4,2,11,21
4,3,0,43
4,3,1,37
4,3,2,24
4,3,3,40
4,3,4,43
4,3,5,31
4,3,6,34
4,3,7,43
4,3,8,37
4,3,9,43
4,3,10,37
4,3,11,39
4,4,0,64
4,4,1,45
4,4,2,40
4,4,3,44
4,4,4,28
4,4,5,45
4,4,6,8
4,4,7,30
4,4,8,45
4,4,9,43
4,4,10,28
4,4,11,43
4,5,0,49
4,5,1,57
4,5,2,56
4,5,3,47
4,5,4,22
4,5,5,17
4,5,6,37
4,5,7,11
4,5,8,54
4,5,9,30
4,5,10,34
4,5,11,38
4,6,0,34
4,6,1,38
4,6,2,36
4,6,3,28
4,6,4,37
4,6,5,41
4,6,6,21
4,6,7,36
4,6,8,27
4,6,9,46
4,6,10,45
4,6,11,45
4,7,0,96
4,7,1,48
4,7,2,46
4,7,3,26
4,7,4,46
4,7,5,51
4,7,6,34
4,7,7,17
4,7,8,34
4,7,9,29
4,7,10,44
4,7,11,30
4,8,0,31
4,8,1,61
4,8,2,31
4,8,3,30
4,8,4,43
4,8,5,37
4,8,6,56
4,8,7,32
4,8,8,27
4,8,9,32
4,8,10,40
4,8,11,22
4,9,0,32
4,9,1,56
4,9,2,51
4,9,3,37
4,9,4,36
4,9,5,16
4,9,6,42
4,9,7,31
4,9,8,40
4,9,9,41
4,9,10,26
4,9,11,43
4,10,0,62
4,10,1,45
4,10,2,43
4,10,3,29
4,10,4,47
4,10,5,27
4,10,6,38
4,10,7,37
4,10,8,41
4,10,9,36
4,10,10,61
4,10,11,36
4,11,0,36
4,11,1,25
4,11,2,34
4,11,3,27
4,11,4,27
4,11,5,39
4,11,6,17
4,11,7,37
4,11,8,39
4,11,9,49
4,11,10,29
4,11,11,36
4,12,0,33
4,12,1,45
4,12,2,26
4,12,3,55
4,12,4,43
4,12,5,34
4,12,6,31
4,12,7,43
4,12,8,53
4,12,9,48
4,12,10,40
4,12,11,36
4,13,0,40
4,13,1,56
4,13,2,43
4,13,3,32
4,13,4,47
4,13,5,51
4,13,6,35
4,13,7,46
4,13,8,39
4,13,9,42
4,13,10,27
4,13,11,11
4,14,0,58
4,14,1,28
4,14,2,38
4,14,3,23
4,14,4,29
4,14,5,38
4,14,6,42
4,14,7,51
4,14,8,36
4,14,9,34
4,14,10,34
4,14,11,44
4,15,0,50
4,15,1,37
4,15,2,37
4,15,3,47
4,15,4,26
4,15,5,41
4,15,6,55
4,15,7,34
4,15,8,44
4,15,9,36
4,15,10,66
4,15,11,13
4,16,0,29
4,16,1,56
4,16,2,28
4,16,3,46
4,16,4,27
4,16,5,29
4,16,6,19
4,16,7,49
4,16,8,34
4,16,9,30
4,16,10,24
4,16,11,19
4,17,0,16
4,17,1,55
4,17,2,26
4,17,3,26
4,17,4,33
4,17,5,21
4,17,6,50
4,17,7,19
4,17,8,17
4,17,9,42
4,17,10,53
4,17,11,45
4,18,0,48
4,18,1,40
4,18,2,42
4,18,3,39
4,18,4,39
4,18,5,56
4,18,6,33
4,18,7,42
4,18,8,38
4,18,9,20
4,18,10,37
4,18,11,36
4,19,0,23
4,19,1,42
4,19,2,35
4,19,3,52
4,19,4,60
4,19,5,34
4,19,6,40
4,19,7,44
4,19,8,26
4,19,9,25
4,19,10,68
4,19,11,29
4,20,0,34
4,20,1,20
4,20,2,37
4,20,3,68
4,20,4,31
4,20,5,31
4,20,6,24
4,20,7,58
4,20,8,31
4,20,9,23
4,20,10,37
4,20,11,43
4,21,0,40
4,21,1,27
4,21,2,46
4,21,3,40
4,21,4,55
4,21,5,48
4,21,6,46
4,21,7,29
4,21,8,11
4,21,9,61
4,21,10,64
4,21,11,51
4,22,0,35
4,22,1,37
4,22,2,39
4,22,3,40
4,22,4,33
4,22,5,30
4,22,6,32
4,22,7,36
4,22,8,40
4,22,9,38
4,22,10,47
4,22,11,44
4,23,0,36
4,23,1,44
4,23,2,29
4,23,3,49
4,23,4,30
4,23,5,29
4,23,6,28
4,23,7,21
4,23,8,33
4,23,9,42
4,23,10,11
4,23,11,38
4,24,0,37
4,24,1,26
4,24,2,24
4,24,3,46
4,24,4,48
4,24,5,36
4,24,6,38
4,24,7,34
4,24,8,31
4,24,9,47
4,24,10,32
4,24,11,27
4,25,0,34
4,25,1,40
4,25,2,49
4,25,3,26
4,25,4,32
4,25,5,34
4,25,6,26
4,25,7,31
4,25,8,20
4,25,9,35
4,25,10,33
4,25,11,41
4,26,0,41
4,26,1,63
4,26,2,58
4,26,3,32
4,26,4,41
4,26,5,49
4,26,6,31
4,26,7,23
4,26,8,36
4,26,9,32
4,26,10,24
4,26,11,42
4,27,0,16
4,27,1,51
4,27,2,47
4,27,3,51
4,27,4,42
4,27,5,25
4,27,6,28
4,27,7,53
4,27,8,30
4,27,9,50
4,27,10,42
4,27,11,43
4,28,0,66
4,28,1,33
4,28,2,18
4,28,3,30
4,28,4,33
4,28,5,63
4,28,6,34
4,28,7,42
4,28,8,30
4,28,9,48
4,28,10,35
4,28,11,33
4,29,0,43
4,29,1,30
4,29,2,44
4,29,3,25
4,29,4,23
4,29,5,32
4,29,6,51
4,29,7,57
4,29,8,20
4,29,9,40
4,29,10,49
4,29,11,51
5,0,0,53
5,0,1,36
5,0,2,37
5,0,3,45
5,0,4,24
5,0,5,65
5,0,6,32
5,0,7,31
5,0,8,25
5,0,9,27
5,0,10,51
5,0,11,46
5,1,0,32
5,1,1,39
5,1,2,34
5,1,3,31
5,1,4,26
5,1,5,26
5,1,6,40
5,1,7,37
5,1,8,39
5,1,9,60
5,1,10,50
5,1,11,37
5,2,0,36
5,2,1,85
5,2,2,28
5,2,3,32
5,2,4,45
5,2,5,50
5,2,6,25
5,2,7,24
5,2,8,8
5,2,9,32
5,2,10,20
5,2,11,29
5,3,0,22
5,3,1,37
5,3,2,26
5,3,3,40
5,3,4,45
5,3,5,30
5,3,6,17
5,3,7,58
5,3,8,41
5,3,9,54
5,3,10,27
5,3,11,31
5,4,0,29
5,4,1,38
5,4,2,46
5,4,3,24
5,4,4,38
5,4,5,54
5,4,6,61
5,4,7,48
5,4,8,36
5,4,9,38
5,4,10,46
5,4,11,54
5,5,0,28
5,5,1,48
5,5,2,24
5,5,3,63
5,5,4,49
5,5,5,55
5,5,6,30
5,5,7,39
5,5,8,34
5,5,9,18
5,5,10,35
5,5,11,29
5,6,0,48
5,6,1,40
5,6,2,32
5,6,3,25
5,6,4,41
5,6,5,62
5,6,6,27
5,6,7,51
5,6,8,21
5,6,9,27
5,6,10,19
5,6,11,56
5,7,0,46
5,7,1,33
5,7,2,43
5,7,3,31
5,7,4,24
5,7,5,65
5,7,6,27
5,7,7,20
5,7,8,46
5,7,9,41
5,7,10,40
5,7,11,22
5,8,0,29
5,8,1,30
5,8,2,62
5,8,3,38
5,8,4,19
5,8,5,33
5,8,6,46
5,8,7,45
5,8,8,38
5,8,9,19
5,8,10,38
5,8,11,49
5,9,0,37
5,9,1,16
5,9,2,27
5,9,3,46
5,9,4,34
5,9,5,54
5,9,6,25
5,9,7,32
5,9,8,51
5,9,9,27
5,9,10,52
5,9,11,27
5,10,0,45
5,10,1,54
5,10,2,23
5,10,3,42
5,10,4,41
5,10,5,18
5,10,6,35
5,10,7,38
5,10,8,36
5,10,9,30
5,10,10,17
5,10,11,34
5,11,0,33
5,11,1,53
5,11,2,41
5,11,3,41
5,11,4,33
5,11,5,28
5,11,6,47
5,11,7,41
5,11,8,50
5,11,9,43
5,11,10,51
5,11,11,31
5,12,0,25
5,12,1,31
5,12,2,19
5,12,3,33
5,12,4,42
5,12,5,43
5,12,6,38
5,12,7,16
5,12,8,79
5,12,9,42
5,12,10,35
5,12,11,40
5,13,0,21
5,13,1,42
5,13,2,24
5,13,3,41
5,13,4,35
5,13,5,47
5,13,6,36
5,13,7,46
5,13,8,24
5,13,9,44
5,13,10,35
5,13,11,27
5,14,0,53
5,14,1,48
5,14,2,31
5,14,3,36
5,14,4,35
5,14,5,45
5,14,6,28
5,14,7,49
5,14,8,47
5,14,9,38
5,14,10,22
5,14,11,53
5,15,0,47
5,15,1,26
5,15,2,53
5,15,3,12
5,15,4,42
5,15,5,37
5,15,6,19
5,15,7,32
5,15,8,30
5,15,9,34
5,15,10,41
5,15,11,33
5,16,0,53
5,16,1,48
5,16,2,24
5,16,3,15
5,16,4,47
5,16,5,38
5,16,6,34
5,16,7,40
5,16,8,17
5,16,9,20
5,16,10,45
5,16,11,40
5,17,0,31
5,17,1,49
5,17,2,35
5,17,3,45
5,17,4,32
5,17,5,32
5,17,6,32
5,17,7,19
5,17,8,47
5,17,9,47
5,17,10,28
5,17,11,33
5,18,0,28
5,18,1,47
5,18,2,26
5,18,3,20
5,18,4,49
5,18,5,41
5,18,6,33
5,18,7,33
5,18,8,39
5,18,9,35
5,18,10,24
5,18,11,41
5,19,0,43
5,19,1,36
5,19,2,26
5,19,3,11
5,19,4,25
5,19,5,36
5,19,6,34
5,19,7,45
5,19,8,25
5,19,9,25
5,19,10,57
5,19,11,36
5,20,0,57
5,20,1,40
5,20,2,32
5,20,3,34
5,20,4,20
5,20,5,45
5,20,6,43
5,20,7,55
5,20,8,40
5,20,9,49
5,20,10,45
5,20,11,56
5,21,0,33
5,21,1,18
5,21,2,37
5,21,3,33
5,21,4,42
5,21,5,35
5,21,6,40
5,21,7,35
5,21,8,45
5,21,9,45
5,21,10,21
5,21,11,29
5,22,0,13
5,22,1,45
5,22,2,39
5,22,3,23
5,22,4,29
5,22,5,56
5,22,6,38
5,22,7,47
5,22,8,11
5,22,9,55
5,22,10,48
5,22,11,18
5,23,0,46
5,23,1,50
5,23,2,47
5,23,3,50
5,23,4,32
5,23,5,39
5,23,6,29
5,23,7,42
5,23,8,44
5,23,9,31
5,23,10,19
5,23,11,36
5,24,0,34
5,24,1,34
5,24,2,28
5,24,3,34
5,24,4,36
5,24,5,27
5,24,6,36
5,24,7,28
5,24,8,37
5,24,9,24
5,24,10,54
5,24,11,35
5,25,0,44
5,25,1,40
5,25,2,79
5,25,3,35
5,25,4,53
5,25,5,21
5,25,6,33
5,25,7,41
5,25,8,17
5,25,9,57
5,25,10,43
5,25,11,53
5,26,0,29
5,26,1,43
5,26,2,39
5,26,3,41
5,26,4,27
5,26,5,42
5,26,6,27
5,26,7,33
5,26,8,27
5,26,9,43
5,26,10,35
5,26,11,53
5,27,0,24
5,27,1,42
5,27,2,53
5,27,3,44
5,27,4,39
5,27,5,38
5,27,6,38
5,27,7,30
5,27,8,33
5,27,9,51
5,27,10,31
5,27,11,28
5,28,0,27
5,28,1,39
5,28,2,44
5,28,3,29
5,28,4,30
5,28,5,38
5,28,6,45
5,28,7,38
5,28,8,36
5,28,9,33
5,28,10,33
5,28,11,39
5,29,0,25
5,29,1,39
5,29,2,31
5,29,3,30
5,29,4,39
5,29,5,25
5,29,6,36
5,29,7,32
5,29,8,45
5,29,9,18
5,29,10,26
5,29,11,35
6,0,0,21
6,0,1,58
6,0,2,54
6,0,3,9
6,0,4,42
6,0,5,32
6,0,6,16
6,0,7,31
6,0,8,54
6,0,9,26
6,0,10,26
6,0,11,27
6,1,0,47
6,1,1,45
6,1,2,40
6,1,3,40
6,1,4,13
6,1,5,20
6,1,6,44
6,1,7,28
6,1,8,37
6,1,9,43
6,1,10,42
6,1,11,42
6,2,0,49
6,2,1,51
6,2,2,47
6,2,3,16
6,2,4,29
6,2,5,42
6,2,6,32
6,2,7,65
6,2,8,53
6,2,9,56
6,2,10,26
6,2,11,34
6,3,0,61
6,3,1,46
6,3,2,38
6,3,3,50
6,3,4,27
6,3,5,43
6,3,6,36
6,3,7,33
6,3,8,34
6,3,9,32
6,3,10,39
6,3,11,19
6,4,0,20
6,4,1,54
6,4,2,34
6,4,3,25
6,4,4,24
6,4,5,35
6,4,6,24
6,4,7,47
6,4,8,46
6,4,9,37
6,4,10,45
6,4,11,45
6,5,0,51
6,5,1,50
6,5,2,41
6,5,3,60
6,5,4,39
6,5,5,27
6,5,6,29
6,5,7,31
6,5,8,49
6,5,9,55
6,5,10,52
6,5,11,30
6,6,0,22
6,6,1,26
6,6,2,31
6,6,3,25
6,6,4,21
6,6,5,35
6,6,6,24
6,6,7,38
6,6,8,50
6,6,9,40
6,6,10,34
6,6,11,47
6,7,0,27
6,7,1,28
6,7,2,39
6,7,3,17
6,7,4,37
6,7,5,36
6,7,6,38
6,7,7,46
6,7,8,22
6,7,9,50
6,7,10,34
6,7,11,34
6,8,0,40
6,8,1,32
6,8,2,66
6,8,3,31
6,8,4,65
6,8,5,46
6,8,6,28
6,8,7,44
6,8,8,35
6,8,9,33
6,8,10,45
6,8,11,40
6,9,0,37
6,9,1,43
6,9,2,44
6,9,3,22
6,9,4,46
6,9,5,48
6,9,6,25
6,9,7,69
6,9,8,31
6,9,9,33
6,9,10,29
6,9,11,38
6,10,0,20
6,10,1,31
6,10,2,46
6,10,3,44
6,10,4,49
6,10,5,56
6,10,6,48
6,10,7,37
6,10,8,41
6,10,9,30
6,10,10,41
6,10,11,41
6,11,0,34
6,11,1,40
6,11,2,17
6,11,3,45
6,11,4,37
6,11,5,15
6,11,6,48
6,11,7,36
6,11,8,43
6,11,9,42
6,11,10,17
6,11,11,20
6,12,0,30
6,12,1,29
6,12,2,30
6,12,3,19
6,12,4,49
6,12,5,29
6,12,6,43
6,12,7,30
6,12,8,33
6,12,9,28
6,12,10,37
6,12,11,24
6,13,0,11
6,13,1,28
6,13,2,28
6,13,3,18
6,13,4,25
6,13,5,54
6,13,6,43
6,13,7,25
6,13,8,38
6,13,9,42
6,13,10,25
6,13,11,47
6,14,0,45
6,14,1,27
6,14,2,32
6,14,3,31
6,14,4,31
6,14,5,15
6,14,6,52
6,14,7,45
6,14,8,18
6,14,9,42
6,14,10,21
6,14,11,44
6,15,0,44
6,15,1,31
6,15,2,40
6,15,3,12
6,15,4,25
6,15,5,36
6,15,6,58
6,15,7,38
6,15,8,40
6,15,9,36
6,15,10,29
6,15,11,38
6,16,0,37
6,16,1,36
6,16,2,30
6,16,3,34
6,16,4,26
6,16,5,67
6,16,6,35
6,16,7,39
6,16,8,18
6,16,9,21
6,16,10,18
6,16,11,44
6,17,0,37
6,17,1,42
6,17,2,28
6,17,3,56
6,17,4,50
6,17,5,19
6,17,6,38
6,17,7,38
6,17,8,21
6,17,9,64
6,17,10,15
6,17,11,53
6,18,0,30
6,18,1,37
6,18,2,31
6,18,3,33
6,18,4,39
6,18,5,25
6,18,6,27
6,18,7,26
6,18,8,30
6,18,9,31
6,18,10,35
6,18,11,36
6,19,0,21
6,19,1,41
6,19,2,58
6,19,3,45
6,19,4,43
6,19,5,23
6,19,6,25
6,19,7,31
6,19,8,38
6,19,9,38
6,19,10,45
6,19,11,48
6,20,0,42
6,20,1,35
6,20,2,31
6,20,3,30
6,20,4,13
6,20,5,39
6,20,6,31
6,20,7,42
6,20,8,30
6,20,9,31
6,20,10,29
6,20,11,56
6,21,0,33
6,21,1,27
6,21,2,16
6,21,3,28
6,21,4,27
6,21,5,30
6,21,6,12
6,21,7,31
6,21,8,33
6,21,9,28
6,21,10,30
6,21,11,38
6,22,0,39
6,22,1,26
6,22,2,19
6,22,3,25
6,22,4,55
6,22,5,39
6,22,6,35
6,22,7,22
6,22,8,30
6,22,9,36
6,22,10,42
6,22,11,34
6,23,0,48
6,23,1,41
6,23,2,48
6,23,3,26
6,23,4,16
6,23,5,32
6,23,6,22
6,23,7,24
6,23,8,43
6,23,9,22
6,23,10,39
6,23,11,27
6,24,0,48
6,24,1,42
6,24,2,55
6,24,3,27
6,24,4,37
6,24,5,46
6,24,6,39
6,24,7,22
6,24,8,33
6,24,9,22
6,24,10,21
6,24,11,20
6,25,0,16
6,25,1,35
6,25,2,48
6,25,3,39
6,25,4,26
6,25,5,41
6,25,6,39
6,25,7,42
6,25,8,43
6,25,9,41
6,25,10,41
6,25,11,33
6,26,0,36
6,26,1,50
6,26,2,44
6,26,3,16
6,26,4,29
6,26,5,26
6,26,6,20
6,26,7,53
6,26,8,38
6,26,9,39
6,26,10,51
6,26,11,24
6,27,0,56
6,27,1,24
6,27,2,48
6,27,3,36
6,27,4,55
6,27,5,47
6,27,6,48
6,27,7,42
6,27,8,34
6,27,9,29
6,27,10,46
6,27,11,25
6,28,0,60
6,28,1,46
6,28,2,40
6,28,3,34
6,28,4,42
6,28,5,29
6,28,6,30
6,28,7,33
6,28,8,71
6,28,9,48
6,28,10,35
6,28,11,43
6,29,0,57
6,29,1,42
6,29,2,44
6,29,3,53
6,29,4,15
6,29,5,36
6,29,6,31
6,29,7,22
6,29,8,46
6,29,9,56
6,29,10,41
6,29,11,30
7,0,0,23
7,0,1,39
7,0,2,45
7,0,3,66
7,0,4,40
7,0,5,22
7,0,6,35
7,0,7,33
7,0,8,50
7,0,9,54
7,0,10,28
7,0,11,26
7,1,0,52
7,1,1,43
7,1,2,27
7,1,3,43
7,1,4,33
7,1,5,29
7,1,6,44
7,1,7,26
7,1,8,47
7,1,9,38
7,1,10,34
7,1,11,60
7,2,0,59
7,2,1,57
7,2,2,28
7,2,3,49
7,2,4,38
7,2,5,29
7,2,6,31
7,2,7,33
7,2,8,44
7,2,9,14
7,2,10,40
7,2,11,56
7,3,0,11
7,3,1,41
7,3,2,44
7,3,3,21
7,3,4,36
7,3,5,45
7,3,6,30
7,3,7,42
7,3,8,32
7,3,9,42
7,3,10,28
7,3,11,32
7,4,0,28
7,4,1,23
7,4,2,51
7,4,3,50
7,4,4,50
7,4,5,38
7,4,6,12
7,4,7,31
7,4,8,21
7,4,9,26
7,4,10,28
7,4,11,27
7,5,0,53
7,5,1,47
7,5,2,26
7,5,3,40
7,5,4,24
7,5,5,45
7,5,6,46
7,5,7,45
7,5,8,30
7,5,9,59
7,5,10,63
7,5,11,39
7,6,0,54
7,6,1,18
7,6,2,47
7,6,3,23
7,6,4,32
7,6,5,45
7,6,6,29
7,6,7,29
7,6,8,25
7,6,9,30
7,6,10,59
7,6,11,38
7,7,0,49
7,7,1,28
7,7,2,56
7,7,3,41
7,7,4,18
7,7,5,42
7,7,6,33
7,7,7,41
7,7,8,28
7,7,9,35
7,7,10,26
7,7,11,51
7,8,0,27
7,8,1,32
7,8,2,30
7,8,3,46
7,8,4,29
7,8,5,37
7,8,6,29
7,8,7,47
7,8,8,29
7,8,9,51
7,8,10,33
7,8,11,20
7,9,0,27
7,9,1,44
7,9,2,36
7,9,3,70
7,9,4,30
7,9,5,58
7,9,6,55
7,9,7,43
7,9,8,44
7,9,9,48
7,9,10,44
7,9,11,21
7,10,0,30
7,10,1,28
7,10,2,28
7,10,3,35
7,10,4,38
7,10,5,30
7,10,6,39
7,10,7,43
7,10,8,36
7,10,9,50
7,10,10,28
7,10,11,48
7,11,0,47
7,11,1,24
7,11,2,42
7,11,3,32
7,11,4,19
7,11,5,22
7,11,6,45
7,11,7,28
7,11,8,34
7,11,9,40
7,11,10,39
7,11,11,27
7,12,0,28
7,12,1,34
7,12,2,43
7,12,3,52
7,12,4,35
7,12,5,28
7,12,6,32
7,12,7,34
7,12,8,29
7,12,9,47
7,12,10,43
7,12,11,23
7,13,0,36
7,13,1,31
7,13,2,33
7,13,3,36
7,13,4,26
7,13,5,22
7,13,6,45
7,13,7,47
7,13,8,61
7,13,9,58
7,13,10,49
7,13,11,29
7,14,0,69
7,14,1,35
7,14,2,36
7,14,3,47
7,14,4,32
7,14,5,45
7,14,6,66
7,14,7,35
7,14,8,24
7,14,9,52
7,14,10,36
7,14,11,36
7,15,0,40
7,15,1,41
7,15,2,40
7,15,3,30
7,15,4,28
7,15,5,45
7,15,6,37
7,15,7,44
7,15,8,32
7,15,9,27
7,15,10,42
7,15,11,51
7,16,0,26
7,16,1,40
7,16,2,29
7,16,3,45
7,16,4,39
7,16,5,22
7,16,6,40
7,16,7,62
7,16,8,23
7,16,9,38
7,16,10,42
7,16,11,50
7,17,0,34
7,17,1,28
7,17,2,65
7,17,3,42
7,17,4,23
7,17,5,25
7,17,6,31
7,17,7,26
7,17,8,64
7,17,9,31
7,17,10,50
7,17,11,33
7,18,0,22
7,18,1,51
7,18,2,51
7,18,3,19
7,18,4,42
7,18,5,39
7,18,6,37
7,18,7,36
7,18,8,22
7,18,9,42
7,18,10,40
7,18,11,29
7,19,0,52
7,19,1,33
7,19,2,19
7,19,3,37
7,19,4,34
7,19,5,32
7,19,6,22
7,19,7,36
7,19,8,43
7,19,9,25
7,19,10,49
7,19,11,34
7,20,0,45
7,20,1,24
7,20,2,25
7,20,3,40
7,20,4,51
7,20,5,42
7,20,6,33
7,20,7,44
7,20,8,28
7,20,9,17
7,20,10,29
7,20,11,40
7,21,0,57
7,21,1,20
7,21,2,39
7,21,3,50
7,21,4,29
7,21,5,22
7,21,6,47
7,21,7,22
7,21,8,25
7,21,9,55
7,21,10,31
7,21,11,48
7,22,0,27
7,22,1,24
7,22,2,39
7,22,3,42
7,22,4,18
7,22,5,43
7,22,6,36
7,22,7,67
7,22,8,46
7,22,9,20
7,22,10,30
7,22,11,80
7,23,0,23
7,23,1,45
7,23,2,54
7,23,3,16
7,23,4,57
7,23,5,38
7,23,6,32
7,23,7,36
7,23,8,48
7,23,9,41
7,23,10,30
7,23,11,32
7,24,0,30
7,24,1,22
7,24,2,41
7,24,3,41
7,24,4,43
7,24,5,13
7,24,6,47
7,24,7,24
7,24,8,27
7,24,9,61
7,24,10,39
7,24,11,22
7,25,0,28
7,25,1,48
7,25,2,17
7,25,3,32
7,25,4,31
7,25,5,38
7,25,6,23
7,25,7,18
7,25,8,18
7,25,9,19
7,25,10,32
7,25,11,47
7,26,0,26
7,26,1,26
7,26,2,36
7,26,3,44
7,26,4,45
7,26,5,31
7,26,6,23
7,26,7,44
7,26,8,74
7,26,9,21
7,26,10,14
7,26,11,30
7,27,0,39
7,27,1,52
7,27,2,31
7,27,3,38
7,27,4,17
7,27,5,54
7,27,6,45
7,27,7,41
7,27,8,21
7,27,9,32
7,27,10,40
7,27,11,38
7,28,0,51
7,28,1,46
7,28,2,54
7,28,3,19
7,28,4,35
7,28,5,35
7,28,6,50
7,28,7,29
7,28,8,15
7,28,9,39
7,28,10,64
7,28,11,28
7,29,0,41
7,29,1,34
7,29,2,55
7,29,3,27
7,29,4,40
7,29,5,38
7,29,6,29
7,29,7,40
7,29,8,40
7,29,9,29
7,29,10,49
7,29,11,28
8,0,0,31
8,0,1,43
8,0,2,46
8,0,3,42
8,0,4,27
8,0,5,40
8,0,6,40
8,0,7,29
8,0,8,25
8,0,9,48
8,0,10,39
8,0,11,18
8,1,0,25
8,1,1,64
8,1,2,56
8,1,3,28
8,1,4,25
8,1,5,57
8,1,6,47
8,1,7,37
8,1,8,31
8,1,9,47
8,1,10,39
8,1,11,40
8,2,0,44
8,2,1,22
8,2,2,26
8,2,3,50
8,2,4,46
8,2,5,49
8,2,6,23
8,2,7,36
8,2,8,11
8,2,9,35
8,2,10,20
8,2,11,39
8,3,0,58
8,3,1,24
8,3,2,17
8,3,3,40
8,3,4,32
8,3,5,42
8,3,6,21
8,3,7,36
8,3,8,39
8,3,9,24
8,3,10,53
8,3,11,40
8,4,0,35
8,4,1,48
8,4,2,33
8,4,3,52
8,4,4,59
8,4,5,24
8,4,6,34
8,4,7,55
8,4,8,27
8,4,9,41
8,4,10,39
8,4,11,43
8,5,0,27
8,5,1,20
8,5,2,28
8,5,3,41
8,5,4,26
8,5,5,40
8,5,6,52
8,5,7,32
8,5,8,23
8,5,9,32
8,5,10,31
8,5,11,46
8,6,0,35
8,6,1,45
8,6,2,43
8,6,3,33
8,6,4,34
8,6,5,61
8,6,6,27
8,6,7,28
8,6,8,27
8,6,9,49
8,6,10,33
8,6,11,34
8,7,0,27
8,7,1,44
8,7,2,38
8,7,3,15
8,7,4,41
8,7,5,32
8,7,6,50
8,7,7,44
8,7,8,37
8,7,9,44
8,7,10,59
8,7,11,60
8,8,0,25
8,8,1,49
8,8,2,28
8,8,3,29
8,8,4,26
8,8,5,28
8,8,6,60
8,8,7,59
8,8,8,20
8,8,9,33
8,8,10,47
8,8,11,34
8,9,0,70
8,9,1,25
8,9,2,39
8,9,3,62
8,9,4,35
8,9,5,37
8,9,6,34
8,9,7,48
8,9,8,73
8,9,9,39
8,9,10,47
8,9,11,32
8,10,0,36
8,10,1,51
8,10,2,56
8,10,3,53
8,10,4,51
8,10,5,46
8,10,6,17
8,10,7,50
8,10,8,25
8,10,9,59
8,10,10,53
8,10,11,44
8,11,0,35
8,11,1,37
8,11,2,28
8,11,3,34
8,11,4,40
8,11,5,31
8,11,6,26
8,11,7,26
8,11,8,41
8,11,9,42
8,11,10,25
8,11,11,40
8,12,0,33
8,12,1,36
8,12,2,31
8,12,3,55
8,12,4,55
8,12,5,52
8,12,6,20
8,12,7,59
8,12,8,31
8,12,9,34
8,12,10,50
8,12,11,38
8,13,0,39
8,13,1,63
8,13,2,33
8,13,3,26
8,13,4,39
8,13,5,30
8,13,6,57
8,13,7,43
8,13,8,33
8,13,9,46
8,13,10,28
8,13,11,40
8,14,0,41
8,14,1,39
8,14,2,32
8,14,3,20
8,14,4,45
8,14,5,50
8,14,6,49
8,14,7,38
8,14,8,44
8,14,9,48
8,14,10,30
8,14,11,52
8,15,0,21
8,15,1,32
8,15,2,43
8,15,3,50
8,15,4,41
8,15,5,20
8,15,6,34
8,15,7,53
8,15,8,19
8,15,9,35
8,15,10,35
8,15,11,27
8,16,0,35
8,16,1,27
8,16,2,30
8,16,3,55
8,16,4,23
8,16,5,29
8,16,6,38
8,16,7,40
8,16,8,35
8,16,9,27
8,16,10,56
8,16,11,30
8,17,0,33
8,17,1,32
8,17,2,48
8,17,3,48
8,17,4,36
8,17,5,32
8,17,6,31
8,17,7,41
8,17,8,30
8,17,9,49
8,17,10,24
8,17,11,24
8,18,0,35
8,18,1,42
8,18,2,35
8,18,3,29
8,18,4,29
8,18,5,42
8,18,6,37
8,18,7,20
8,18,8,40
8,18,9,20
8,18,10,26
8,18,11,23
8,19,0,27
8,19,1,36
8,19,2,30
8,19,3,54
8,19,4,12
8,19,5,30
8,19,6,33
8,19,7,24
8,19,8,38
8,19,9,50
8,19,10,37
8,19,11,48
8,20,0,29
8,20,1,13
8,20,2,47
8,20,3,57
8,20,4,34
8,20,5,24
8,20,6,35
8,20,7,59
8,20,8,51
8,20,9,37
8,20,10,43
8,20,11,50
8,21,0,19
8,21,1,38
8,21,2,37
8,21,3,30
8,21,4,45
8,21,5,42
8,21,6,52
8,21,7,50
8,21,8,21
8,21,9,42
8,21,10,21
8,21,11,51
8,22,0,43
8,22,1,21
8,22,2,44
8,22,3,25
8,22,4,54
8,22,5,34
8,22,6,57
8,22,7,26
8,22,8,35
8,22,9,40
8,22,10,33
8,22,11,30
8,23,0,27
8,23,1,28
8,23,2,51
8,23,3,36
8,23,4,33
8,23,5,31
8,23,6,45
8,23,7,31
8,23,8,27
8,23,9,33
8,23,10,26
8,23,11,49
8,24,0,46
8,24,1,24
8,24,2,43
8,24,3,48
8,24,4,36
8,24,5,31
8,24,6,31
8,24,7,64
8,24,8,40
8,24,9,59
8,24,10,29
8,24,11,32
8,25,0,32
8,25,1,67
8,25,2,65
8,25,3,46
8,25,4,34
8,25,5,44
8,25,6,28
8,25,7,50
8,25,8,38
8,25,9,40
8,25,10,26
8,25,11,29
8,26,0,54
8,26,1,45
8,26,2,44
8,26,3,22
8,26,4,21
8,26,5,27
8,26,6,22
8,26,7,27
8,26,8,25
8,26,9,72
8,26,10,60
8,26,11,30
8,27,0,65
8,27,1,62
8,27,2,42
8,27,3,26
8,27,4,48
8,27,5,27
8,27,6,35
8,27,7,33
8,27,8,51
8,27,9,39
8,27,10,37
8,27,11,36
8,28,0,49
8,28,1,38
8,28,2,51
8,28,3,44
8,28,4,47
8,28,5,37
8,28,6,79
8,28,7,24
8,28,8,28
8,28,9,20
8,28,10,27
8,28,11,33
8,29,0,43
8,29,1,57
8,29,2,51
8,29,3,28
8,29,4,36
8,29,5,38
8,29,6,30
8,29,7,35
8,29,8,29
8,29,9,42
8,29,10,36
8,29,11,25
9,0,0,21
9,0,1,44
9,0,2,42
9,0,3,38
9,0,4,31
9,0,5,32
9,0,6,46
9,0,7,67
9,0,8,44
9,0,9,39
9,0,10,18
9,0,11,42
9,1,0,26
9,1,1,30
9,1,2,46
9,1,3,40
9,1,4,20
9,1,5,38
9,1,6,38
9,1,7,29
9,1,8,36
9,1,9,38
9,1,10,21
9,1,11,45
9,2,0,45
9,2,1,32
9,2,2,51
9,2,3,37
9,2,4,53
9,2,5,51
9,2,6,58
9,2,7,33
9,2,8,81
9,2,9,38
9,2,10,46
9,2,11,36
9,3,0,43
9,3,1,34
9,3,2,26
9,3,3,53
9,3,4,20
9,3,5,42
9,3,6,43
9,3,7,40
9,3,8,25
9,3,9,24
9,3,10,38
9,3,11,51
9,4,0,55
9,4,1,31
9,4,2,48
9,4,3,55
9,4,4,31
9,4,5,28
9,4,6,40
9,4,7,37
9,4,8,27
9,4,9,15
9,4,10,31
9,4,11,41
9,5,0,57
9,5,1,53
9,5,2,27
9,5,3,34
9,5,4,53
9,5,5,55
9,5,6,33
9,5,7,48
9,5,8,41
9,5,9,39
9,5,10,35
9,5,11,37
9,6,0,34
9,6,1,30
9,6,2,32
9,6,3,55
9,6,4,32
9,6,5,30
9,6,6,39
9,6,7,30
9,6,8,45
9,6,9,49
9,6,10,50
9,6,11,57
9,7,0,36
9,7,1,22
9,7,2,27
9,7,3,29
9,7,4,40
9,7,5,35
9,7,6,32
9,7,7,49
9,7,8,48
9,7,9,32
9,7,10,33
9,7,11,73
9,8,0,38
9,8,1,45
9,8,2,27
9,8,3,20
9,8,4,50
9,8,5,42
9,8,6,35
9,8,7,43
9,8,8,35
9,8,9,33
9,8,10,50
9,8,11,59
9,9,0,27
9,9,1,41
9,9,2,35
9,9,3,17
9,9,4,38
9,9,5,31
9,9,6,37
9,9,7,51
9,9,8,38
9,9,9,41
9,9,10,40
9,9,11,14
9,10,0,27
9,10,1,41
9,10,2,30
9,10,3,12
9,10,4,42
9,10,5,35
9,10,6,20
9,10,7,26
9,10,8,33
9,10,9,48
9,10,10,38
9,10,11,18
9,11,0,34
9,11,1,31
9,11,2,57
9,11,3,41
9,11,4,35
9,11,5,23
9,11,6,21
9,11,7,44
9,11,8,39
9,11,9,26
9,11,10,57
9,11,11,26
9,12,0,53
9,12,1,48
9,12,2,29
9,12,3,24
9,12,4,33
9,12,5,40
9,12,6,34
9,12,7,53
9,12,8,41
9,12,9,39
9,12,10,54
9,12,11,60
9,13,0,28
9,13,1,39
9,13,2,36
9,13,3,32
9,13,4,11
9,13,5,14
9,13,6,38
9,13,7,32
9,13,8,64
9,13,9,45
9,13,10,32
9,13,11,40
9,14,0,25
9,14,1,43
9,14,2,38
9,14,3,62
9,14,4,31
9,14,5,39
9,14,6,69
9,14,7,22
9,14,8,44
9,14,9,37
9,14,10,45
9,14,11,24
9,15,0,38
9,15,1,35
9,15,2,33
9,15,3,20
9,15,4,26
9,15,5,21
9,15,6,29
9,15,7,46
9,15,8,31
9,15,9,31
9,15,10,39
9,15,11,38
9,16,0,34
9,16,1,33
9,16,2,37
9,16,3,46
9,16,4,17
9,16,5,26
9,16,6,43
9,16,7,48
9,16,8,39
9,16,9,24
9,16,10,34
9,16,11,16
9,17,0,20
9,17,1,48
9,17,2,32
9,17,3,47
9,17,4,34
9,17,5,23
9,17,6,41
9,17,7,21
9,17,8,34
9,17,9,30
9,17,10,49
9,17,11,45
9,18,0,24
9,18,1,36
9,18,2,37
9,18,3,28
9,18,4,43
9,18,5,27
9,18,6,48
9,18,7,16
9,18,8,30
9,18,9,17
9,18,10,43
9,18,11,44
9,19,0,40
9,19,1,35
9,19,2,44
9,19,3,31
9,19,4,41
9,19,5,7
9,19,6,32
9,19,7,21
9,19,8,33
9,19,9,36
9,19,10,36
9,19,11,45
9,20,0,18
9,20,1,29
9,20,2,30
9,20,3,41
9,20,4,9
9,20,5,44
9,20,6,56
9,20,7,29
9,20,8,33
9,20,9,34
9,20,10,37
9,20,11,51
9,21,0,32
9,21,1,56
9,21,2,48
9,21,3,52
9,21,4,57
9,21,5,19
9,21,6,44
9,21,7,26
9,21,8,28
9,21,9,34
9,21,10,30
9,21,11,46
9,22,0,51
9,22,1,42
9,22,2,44
9,22,3,35
9,22,4,25
9,22,5,18
9,22,6,29
9,22,7,54
9,22,8,33
9,22,9,38
9,22,10,34
9,22,11,32
9,23,0,17
9,23,1,18
9,23,2,55
9,23,3,35
9,23,4,28
9,23,5,43
9,23,6,24
9,23,7,25
9,23,8,44
9,23,9,39
9,23,10,34
9,23,11,49
9,24,0,22
9,24,1,34
9,24,2,50
9,24,3,50
9,24,4,32
9,24,5,54
9,24,6,31
9,24,7,46
9,24,8,67
9,24,9,45
9,24,10,38
9,24,11,24
9,25,0,43
9,25,1,32
9,25,2,36
9,25,3,44
9,25,4,51
9,25,5,31
9,25,6,38
9,25,7,37
9,25,8,35
9,25,9,48
9,25,10,22
9,25,11,37
9,26,0,48
9,26,1,32
9,26,2,37
9,26,3,23
9,26,4,38
9,26,5,52
9,26,6,29
9,26,7,39
9,26,8,50
9,26,9,47
9,26,10,61
9,26,11,27
9,27,0,30
9,27,1,31
9,27,2,43
9,27,3,31
9,27,4,45
9,27,5,22
9,27,6,35
9,27,7,43
9,27,8,56
9,27,9,51
9,27,10,43
9,27,11,36
9,28,0,49
9,28,1,35
9,28,2,18
9,28,3,57
9,28,4,56
9,28,5,42
9,28,6,55
9,28,7,63
9,28,8,26
9,28,9,39
9,28,10,25
9,28,11,54
9,29,0,34
9,29,1,31
9,29,2,32
9,29,3,60
9,29,4,37
9,29,5,41
9,29,6,51
9,29,7,30
9,29,8,26
9,29,9,18
9,29,10,48
9,29,11,59
10,0,0,36
10,0,1,51
10,0,2,25
10,0,3,25
10,0,4,35
10,0,5,40
10,0,6,22
10,0,7,43
10,0,8,28
10,0,9,36
10,0,10,36
10,0,11,31
10,1,0,19
10,1,1,30
10,1,2,27
10,1,3,32
10,1,4,63
10,1,5,33
10,1,6,34
10,1,7,36
10,1,8,57
10,1,9,21
10,1,10,38
10,1,11,43
10,2,0,37
10,2,1,43
10,2,2,31
10,2,3,46
10,2,4,34
10,2,5,51
10,2,6,50
10,2,7,46
10,2,8,41
10,2,9,38
10,2,10,31
10,2,11,25
10,3,0,36
10,3,1,49
10,3,2,34
10,3,3,37
10,3,4,30
10,3,5,41
10,3,6,37
10,3,7,20
10,3,8,39
10,3,9,44
10,3,10,28
10,3,11,25
10,4,0,72
10,4,1,34
10,4,2,33
10,4,3,14
10,4,4,44
10,4,5,21
10,4,6,22
10,4,7,29
10,4,8,38
10,4,9,35
10,4,10,23
10,4,11,51
10,5,0,32
10,5,1,33
10,5,2,22
10,5,3,40
10,5,4,24
10,5,5,38
10,5,6,11
10,5,7,53
10,5,8,12
10,5,9,37
10,5,10,40
10,5,11,26
10,6,0,50
10,6,1,34
10,6,2,30
10,6,3,37
10,6,4,28
10,6,5,54
10,6,6,26
10,6,7,35
10,6,8,28
10,6,9,26
10,6,10,25
10,6,11,50
10,7,0,23
10,7,1,30
10,7,2,34
10,7,3,48
10,7,4,31
10,7,5,56
10,7,6,30
10,7,7,31
10,7,8,35
10,7,9,22
10,7,10,50
10,7,11,23
10,8,0,44
10,8,1,42
10,8,2,33
10,8,3,20
10,8,4,43
10,8,5,24
10,8,6,24
10,8,7,40
10,8,8,40
10,8,9,25
10,8,10,35
10,8,11,41
10,9,0,26
10,9,1,42
10,9,2,33
10,9,3,43
10,9,4,36
10,9,5,20
10,9,6,35
10,9,7,19
10,9,8,54
10,9,9,17
10,9,10,25
10,9,11,19
10,10,0,14
10,10,1,34
10,10,2,29
10,10,3,53
10,10,4,34
10,10,5,25
10,10,6,24
10,10,7,31
10,10,8,37
10,10,9,28
10,10,10,20
10,10,11,42
10,11,0,32
10,11,1,28
10,11,2,33
10,11,3,35
10,11,4,19
10,11,5,46
10,11,6,55
10,11,7,29
10,11,8,28
10,11,9,24
10,11,10,35
10,11,11,19
10,12,0,29
10,12,1,34
10,12,2,34
10,12,3,22
10,12,4,46
10,12,5,16
10,12,6,40
10,12,7,39
10,12,8,37
10,12,9,27
10,12,10,23
10,12,11,49
10,13,0,33
10,13,1,36
10,13,2,32
10,13,3,58
10,13,4,23
10,13,5,20
10,13,6,37
10,13,7,39
10,13,8,45
10,13,9,57
10,13,10,35
10,13,11,54
10,14,0,42
10,14,1,30
10,14,2,37
10,14,3,43
10,14,4,39
10,14,5,46
10,14,6,31
10,14,7,66
10,14,8,37
10,14,9,34
10,14,10,37
10,14,11,16
10,15,0,38
10,15,1,26
10,15,2,46
10,15,3,39
10,15,4,35
10,15,5,31
10,15,6,31
10,15,7,29
10,15,8,34
10,15,9,40
10,15,10,47
10,15,11,61
10,16,0,42
10,16,1,40
10,16,2,43
10,16,3,45
10,16,4,45
10,16,5,34
10,16,6,36
10,16,7,43
10,16,8,45
10,16,9,28
10,16,10,32
10,16,11,47
10,17,0,61
10,17,1,49
10,17,2,25
10,17,3,25
10,17,4,42
10,17,5,47
10,17,6,35
10,17,7,44
10,17,8,53
10,17,9,45
10,17,10,41
10,17,11,26
10,18,0,37
10,18,1,53
10,18,2,24
10,18,3,46
10,18,4,32
10,18,5,59
10,18,6,59
10,18,7,49
10,18,8,30
10,18,9,47
10,18,10,38
10,18,11,50
10,19,0,30
10,19,1,53
10,19,2,45
10,19,3,43
10,19,4,43
10,19,5,25
10,19,6,36
10,19,7,55
10,19,8,28
10,19,9,51
10,19,10,35
10,19,11,35
10,20,0,22
10,20,1,33
10,20,2,53
10,20,3,18
10,20,4,37
10,20,5,33
10,20,6,44
10,20,7,20
10,20,8,38
10,20,9,69
10,20,10,67
10,20,11,41
10,21,0,40
10,21,1,28
10,21,2,33
10,21,3,23
10,21,4,53
10,21,5,21
10,21,6,51
10,21,7,25
10,21,8,53
10,21,9,31
10,21,10,45
10,21,11,33
10,22,0,32
10,22,1,33
10,22,2,47
10,22,3,40
10,22,4,56
10,22,5,45
10,22,6,42
10,22,7,36
10,22,8,46
10,22,9,30
10,22,10,65
10,22,11,33
10,23,0,35
10,23,1,38
10,23,2,26
10,23,3,29
10,23,4,39
10,23,5,38
10,23,6,32
10,23,7,37
10,23,8,48
10,23,9,26
10,23,10,40
10,23,11,33
10,24,0,38
10,24,1,37
10,24,2,24
10,24,3,42
10,24,4,26
10,24,5,30
10,24,6,27
10,24,7,29
10,24,8,22
10,24,9,64
10,24,10,22
10,24,11,31
10,25,0,37
10,25,1,39
10,25,2,58
10,25,3,42
10,25,4,38
10,25,5,37
10,25,6,58
10,25,7,30
10,25,8,44
10,25,9,41
10,25,10,35
10,25,11,32
10,26,0,18
10,26,1,32
10,26,2,45
10,26,3,41
10,26,4,34
10,26,5,44
10,26,6,29
10,26,7,45
10,26,8,30
10,26,9,33
10,26,10,33
10,26,11,72
10,27,0,42
10,27,1,37
10,27,2,40
10,27,3,48
10,27,4,46
10,27,5,35
10,27,6,36
10,27,7,35
10,27,8,35
10,27,9,49
10,27,10,34
10,27,11,39
10,28,0,44
10,28,1,40
10,28,2,61
10,28,3,43
10,28,4,32
10,28,5,47
10,28,6,44
10,28,7,42
10,28,8,57
10,28,9,59
10,28,10,36
10,28,11,60
10,29,0,20
10,29,1,30
10,29,2,26
10,29,3,32
10,29,4,34
10,29,5,30
10,29,6,30
10,29,7,48
10,29,8,53
10,29,9,29
10,29,10,27
10,29,11,54
11,0,0,32
11,0,1,46
11,0,2,27
11,0,3,46
11,0,4,25
11,0,5,37
11,0,6,35
11,0,7,38
11,0,8,23
11,0,9,48
11,0,10,58
11,0,11,32
11,1,0,17
11,1,1,42
11,1,2,22
11,1,3,25
11,1,4,33
11,1,5,22
11,1,6,30
11,1,7,23
11,1,8,45
11,1,9,31
11,1,10,46
11,1,11,21
11,2,0,29
11,2,1,49
11,2,2,49
11,2,3,41
11,2,4,30
11,2,5,43
11,2,6,34
11,2,7,35
11,2,8,28
11,2,9,31
11,2,10,30
11,2,11,34
11,3,0,62
11,3,1,33
11,3,2,37
11,3,3,28
11,3,4,50
11,3,5,21
11,3,6,21
11,3,7,62
11,3,8,49
11,3,9,30
11,3,10,50
11,3,11,32
11,4,0,44
11,4,1,46
11,4,2,27
11,4,3,28
11,4,4,18
11,4,5,39
11,4,6,27
11,4,7,39
11,4,8,13
11,4,9,39
11,4,10,35
11,4,11,63
11,5,0,27
11,5,1,24
11,5,2,37
11,5,3,38
11,5,4,43
11,5,5,44
11,5,6,50
11,5,7,39
11,5,8,46
11,5,9,35
11,5,10,34
11,5,11,40
11,6,0,37
11,6,1,24
11,6,2,37
11,6,3,44
11,6,4,30
11,6,5,40
11,6,6,26
11,6,7,32
11,6,8,26
11,6,9,38
11,6,10,44
11,6,11,37
11,7,0,53
11,7,1,42
11,7,2,18
11,7,3,50
11,7,4,67
11,7,5,24
11,7,6,34
11,7,7,39
11,7,8,30
11,7,9,17
11,7,10,36
11,7,11,41
11,8,0,28
11,8,1,27
11,8,2,37
11,8,3,32
11,8,4,27
11,8,5,26
11,8,6,51
11,8,7,37
11,8,8,54
11,8,9,48
11,8,10,32
11,8,11,46
11,9,0,57
11,9,1,46
11,9,2,32
11,9,3,22
11,9,4,24
11,9,5,31
11,9,6,39
11,9,7,33
11,9,8,43
11,9,9,30
11,9,10,30
11,9,11,28
11,10,0,34
11,10,1,30
11,10,2,41
11,10,3,41
11,10,4,36
11,10,5,54
11,10,6,50
11,10,7,33
11,10,8,45
11,10,9,33
11,10,10,22
11,10,11,44
11,11,0,50
11,11,1,46
11,11,2,49
11,11,3,33
11,11,4,28
11,11,5,46
11,11,6,28
11,11,7,41
11,11,8,53
11,11,9,44
11,11,10,50
11,11,11,43
11,12,0,45
11,12,1,25
11,12,2,38
11,12,3,77
11,12,4,37
11,12,5,42
11,12,6,55
11,12,7,15
11,12,8,26
11,12,9,49
11,12,10,24
11,12,11,16
11,13,0,44
11,13,1,44
11,13,2,57
11,13,3,31
11,13,4,36
11,13,5,38
11,13,6,24
11,13,7,27
11,13,8,21
11,13,9,39
11,13,10,35
11,13,11,32
11,14,0,31
11,14,1,51
11,14,2,44
11,14,3,59
11,14,4,42
11,14,5,38
11,14,6,35
11,14,7,26
11,14,8,31
11,14,9,41
11,14,10,38
11,14,11,43
11,15,0,24
11,15,1,39
11,15,2,41
11,15,3,21
11,15,4,30
11,15,5,33
11,15,6,51
11,15,7,28
11,15,8,46
11,15,9,24
11,15,10,24
11,15,11,40
11,16,0,29
11,16,1,50
11,16,2,33
11,16,3,44
11,16,4,38
11,16,5,35
11,16,6,50
11,16,7,27
11,16,8,50
11,16,9,23
11,16,10,60
11,16,11,60
11,17,0,43
11,17,1,29
11,17,2,32
11,17,3,49
11,17,4,57
11,17,5,35
11,17,6,40
11,17,7,44
11,17,8,39
11,17,9,45
11,17,10,22
11,17,11,36
11,18,0,17
11,18,1,34
11,18,2,44
11,18,3,38
11,18,4,31
11,18,5,59
11,18,6,27
11,18,7,30
11,18,8,54
11,18,9,41
11,18,10,32
11,18,11,25
11,19,0,32
11,19,1,36
11,19,2,48
11,19,3,38
11,19,4,30
11,19,5,48
11,19,6,46
11,19,7,59
11,19,8,29
11,19,9,56
11,19,10,32
11,19,11,53
11,20,0,46
11,20,1,39
11,20,2,45
11,20,3,13
11,20,4,48
11,20,5,30
11,20,6,40
11,20,7,22
11,20,8,30
11,20,9,41
11,20,10,40
11,20,11,30
11,21,0,45
11,21,1,25
11,21,2,31
11,21,3,30
11,21,4,45
11,21,5,46
11,21,6,61
11,21,7,70
11,21,8,21
11,21,9,54
11,21,10,27
11,21,11,29
11,22,0,25
11,22,1,37
11,22,2,47
11,22,3,32
11,22,4,24
11,22,5,40
11,22,6,52
11,22,7,42
11,22,8,40
11,22,9,36
11,22,10,34
11,22,11,53
11,23,0,24
11,23,1,69
11,23,2,30
11,23,3,18
11,23,4,29
11,23,5,27
11,23,6,46
11,23,7,47
11,23,8,30
11,23,9,35
11,23,10,41
11,23,11,37
11,24,0,29
11,24,1,26
11,24,2,49
11,24,3,48
11,24,4,28
11,24,5,24
11,24,6,34
11,24,7,60
11,24,8,36
11,24,9,46
11,24,10,26
11,24,11,55
11,25,0,46
11,25,1,45
11,25,2,61
11,25,3,27
11,25,4,29
11,25,5,47
11,25,6,26
11,25,7,31
11,25,8,27
11,25,9,27
11,25,10,32
11,25,11,23
11,26,0,48
11,26,1,37
11,26,2,65
11,26,3,47
11,26,4,32
11,26,5,41
11,26,6,35
11,26,7,52
11,26,8,45
11,26,9,31
11,26,10,42
11,26,11,24
11,27,0,26
11,27,1,42
11,27,2,35
11,27,3,34
11,27,4,33
11,27,5,43
11,27,6,36
11,27,7,36
11,27,8,33
11,27,9,47
11,27,10,48
11,27,11,51
11,28,0,33
11,28,1,53
11,28,2,32
11,28,3,71
11,28,4,40
11,28,5,28
11,28,6,55
11,28,7,41
11,28,8,40
11,28,9,23
11,28,10,29
11,28,11,39
11,29,0,16
11,29,1,49
11,29,2,20
11,29,3,56
11,29,4,40
11,29,5,52
11,29,6,24
11,29,7,37
11,29,8,25
11,29,9,37
11,29,10,36
11,29,11,32
